INFO,Mon May 06 22:15:51 EEST 2019,Program started,cinema.logger
INFO,Mon May 06 22:22:33 EEST 2019,Program started,cinema.logger
INFO,Mon May 06 22:22:33 EEST 2019,Add room to cinema,cinema.logger
INFO,Mon May 06 22:22:33 EEST 2019,Add movie to cinema,cinema.logger
INFO,Mon May 06 22:22:33 EEST 2019,Add event,cinema.logger
INFO,Mon May 06 22:22:33 EEST 2019,Add client,cinema.logger
INFO,Mon May 06 22:22:33 EEST 2019,Print all rooms,cinema.logger
INFO,Mon May 06 22:22:33 EEST 2019,Print all movies,cinema.logger
INFO,Mon May 06 22:22:33 EEST 2019,Print all events,cinema.logger
INFO,Mon May 06 22:22:34 EEST 2019,Print all rooms with name,cinema.logger
INFO,Mon May 06 22:22:34 EEST 2019,Print all movies with price less than,cinema.logger
INFO,Mon May 06 22:22:34 EEST 2019,Print all movies in room,cinema.logger
INFO,Mon May 06 22:22:34 EEST 2019,Program ended,cinema.logger
