INFO,Mon May 05 22:15:51 EEST 2019,Program started,cinema.logger
INFO,Mon May 05 22:22:33 EEST 2019,Program started,cinema.logger
INFO,Mon May 05 22:22:33 EEST 2019,Add room to cinema,cinema.logger
INFO,Mon May 05 22:22:33 EEST 2019,Add movie to cinema,cinema.logger
INFO,Mon May 05 22:22:33 EEST 2019,Add event,cinema.logger
INFO,Mon May 05 22:22:33 EEST 2019,Add client,cinema.logger
INFO,Mon May 05 22:22:33 EEST 2019,Print all rooms,cinema.logger
INFO,Mon May 05 22:22:33 EEST 2019,Print all movies,cinema.logger
INFO,Mon May 05 22:22:33 EEST 2019,Print all events,cinema.logger
INFO,Mon May 05 22:22:34 EEST 2019,Print all rooms with name,cinema.logger
INFO,Mon May 05 22:22:34 EEST 2019,Print all movies with price less than,cinema.logger
INFO,Mon May 05 22:22:34 EEST 2019,Print all movies in room,cinema.logger
INFO,Mon May 05 22:22:34 EEST 2019,Program ended,cinema.logger
INFO,Tue May 14 09:12:49 EEST 2019,Program started,cinema.logger
INFO,Tue May 14 09:12:49 EEST 2019,Add room to cinema,cinema.logger
INFO,Tue May 14 09:12:49 EEST 2019,Add movie to cinema,cinema.logger
INFO,Tue May 14 09:12:49 EEST 2019,Add event,cinema.logger
INFO,Tue May 14 09:12:49 EEST 2019,Add client,cinema.logger
INFO,Tue May 14 09:12:49 EEST 2019,Print all rooms,cinema.logger
INFO,Tue May 14 09:12:49 EEST 2019,Print all movies,cinema.logger
INFO,Tue May 14 09:12:49 EEST 2019,Print all events,cinema.logger
INFO,Tue May 14 09:12:49 EEST 2019,Print all rooms with name,cinema.logger
INFO,Tue May 14 09:12:49 EEST 2019,Print all movies with price less than,cinema.logger
INFO,Tue May 14 09:12:49 EEST 2019,Print all movies in room,cinema.logger
INFO,Tue May 14 09:12:49 EEST 2019,Program ended,cinema.logger
INFO,Sun Jun 02 18:34:58 EEST 2019,Program started,cinema.logger
INFO,Sun Jun 02 18:34:58 EEST 2019,Add room to cinema,cinema.logger
INFO,Sun Jun 02 18:34:58 EEST 2019,Add movie to cinema,cinema.logger
INFO,Sun Jun 02 18:34:58 EEST 2019,Add event,cinema.logger
INFO,Sun Jun 02 18:34:58 EEST 2019,Add client,cinema.logger
INFO,Sun Jun 02 18:34:58 EEST 2019,Print all rooms,cinema.logger
INFO,Sun Jun 02 18:34:58 EEST 2019,Print all movies,cinema.logger
INFO,Sun Jun 02 18:34:58 EEST 2019,Print all events,cinema.logger
INFO,Sun Jun 02 18:34:58 EEST 2019,Print all rooms with name,cinema.logger
INFO,Sun Jun 02 18:34:58 EEST 2019,Print all movies with price less than,cinema.logger
INFO,Sun Jun 02 18:34:58 EEST 2019,Print all movies in room,cinema.logger
INFO,Sun Jun 02 18:34:58 EEST 2019,Program ended,cinema.logger
INFO,Mon Jun 03 00:21:40 EEST 2019,Program started,cinema.logger
INFO,Mon Jun 03 00:29:21 EEST 2019,Program started,cinema.logger
INFO,Mon Jun 03 01:01:09 EEST 2019,Program started,cinema.logger
INFO,Mon Jun 03 01:09:06 EEST 2019,Program started,cinema.logger
