Teen Titans,17,12,[Drama],"[Hacking, Cars, Blood]"
Mr. Robot,18,4,"[Family, Romantic, Horror]",[Blood]
Anon,25,0,"[Action, Kids, Romantic]","[Blood, Race]"
Barman,11,10,"[Kids, Family, Comedy]",[Race]
Beta,19,14,"[Horror, Action]",[Hacking]
Anon,44,9,"[Drama, Family, Drama]",[Boxing]
Beta,18,12,"[Action, Horror, Romantic]",[Violence]
X-Man,33,0,"[Family, Action]","[Cars, Hacking]"
Mr. Robot,24,-1,[Comedy],"[Fighting, Shooting]"
Superman,31,11,"[Romantic, Romantic, Romantic]","[Hacking, Violence, Hacking]"
Superman,19,14,"[Comedy, Comedy, Comedy]","[Shooting, Hacking]"
Superman,41,15,"[Family, Horror, Family]","[Boxing, Blood, Hacking]"
Wonderwoman,50,16,[Comedy],"[Shooting, Hacking]"
Barman,29,9,"[Family, Action]","[Shooting, Boxing, Fighting]"
Beta,37,4,[Family],"[Shooting, Cars]"
Wonderwoman,16,10,[Drama],"[Cars, Cars, Shooting]"
Teen Titans,32,8,[Romantic],"[Blood, Race]"
Tau,37,14,[Comedy],"[Cars, Cars]"
Barman,29,7,"[Drama, Kids]","[Cars, Shooting, Race]"
Teen Titans,13,-1,"[Comedy, Family, Romantic]","[Shooting, Race, Race]"
Wonderwoman,30,11,[Romantic],"[Race, Fighting, Boxing]"
Beta,44,13,"[Action, Romantic, Family]","[Violence, Boxing]"
Teen Titans,39,9,"[Action, Kids, Drama]",[Shooting]
Anon,17,16,[Horror],"[Fighting, Blood, Cars]"
Mr. Robot,44,16,"[Romantic, Comedy, Horror]","[Fighting, Fighting, Boxing]"
Wonderwoman,37,0,[Comedy],"[Fighting, Violence]"
X-Man,31,6,"[Drama, Family]","[Boxing, Hacking]"
Teen Titans,49,3,"[Romantic, Romantic, Comedy]","[Hacking, Boxing]"
Wonderwoman,49,14,[Family],"[Boxing, Violence, Fighting]"
Wonderwoman,46,9,"[Romantic, Action, Kids]",[Fighting]
Mr. Robot,12,11,[Family],[Shooting]
Wonderwoman,23,16,[Horror],[Race]
Beta,19,3,[Comedy],"[Fighting, Cars, Fighting]"
Tau,50,-1,[Kids],"[Hacking, Cars]"
Barman,22,-1,"[Romantic, Kids]",[Fighting]
Beta,49,5,"[Action, Comedy]",[Violence]
Teen Titans,36,14,"[Comedy, Action, Romantic]","[Shooting, Race]"
Tau,44,11,"[Romantic, Family]","[Boxing, Blood, Boxing]"
Barman,29,8,"[Drama, Horror, Horror]","[Shooting, Violence, Cars]"
Beta,10,7,[Horror],"[Violence, Cars, Shooting]"
Beta,24,4,[Drama],"[Violence, Violence]"
Anon,46,10,"[Horror, Comedy, Drama]",[Violence]
Beta,18,16,"[Horror, Drama, Romantic]","[Race, Shooting]"
Barman,47,1,"[Family, Romantic]","[Shooting, Boxing]"
Barman,11,16,"[Drama, Romantic]",[Blood]
Barman,16,0,[Romantic],"[Race, Hacking, Fighting]"
Tau,23,4,"[Horror, Action, Action]","[Blood, Hacking]"
Mr. Robot,26,7,"[Romantic, Horror]","[Fighting, Blood]"
Mr. Robot,13,10,[Drama],[Violence]
Mr. Robot,31,8,"[Horror, Kids]",[Boxing]
X-Man,24,14,[Comedy],[Boxing]
