Stoilow,3,6
Morris,8,8
Stoilow,7,6
Decebal,6,7
Moisil,4,4
Haret,3,9
Pompeiu,7,5
Stoilow,6,4
Stoilow,10,4
Knuth,4,6
Moisil,7,5
Pratt,7,8
Morris,3,7
Morris,9,9
Haret,4,10
Decebal,3,4
Morris,10,8
Moisil,4,3
Knuth,4,4
Pompeiu,9,3
Haret,7,3
Stoilow,7,8
Cauchy,9,3
Pompeiu,3,4
Stoilow,9,4
Cauchy,7,9
Pompeiu,6,5
Haret,4,5
Morris,7,3
Morris,9,8
Haret,10,5
Moisil,5,3
Cauchy,5,5
Decebal,7,9
Moisil,7,6
Morris,3,3
Haret,8,7
Cauchy,7,3
Cauchy,4,5
Morris,5,7
Pratt,4,8
Haret,7,3
Haret,9,5
Pompeiu,10,7
Stoilow,3,8
Knuth,3,8
Cauchy,8,7
Morris,7,7
Morris,10,9
Knuth,6,8
